experiment,model,split_seed,model_seed,preprocessing,n_train,n_test,converged,convergence_warning_count,n_iter,accuracy,balanced_accuracy,f1,roc_auc,score_kind,n_unique_scores,score_abs_median,prediction_sha256,score_sha256
seed_sensitivity,linear_svm,1729,2718,standard,36631,12211,True,0,8,0.850544590943,0.755975840508,0.647887323944,0.902200088142,decision_function,12205,0.801008050452,fb2d8e3820cb7022d68b5b0fb8f9eba6ca7bf40d7205cccb538d99a9a9db5cb4,7d871ce69858ec6221d13874387c06424e96041644e6e81f6ced676eb2b0133a
seed_sensitivity,linear_svm,1729,2719,standard,36631,12211,True,0,8,0.850544590943,0.755975840508,0.647887323944,0.902200088142,decision_function,12205,0.801008050452,fb2d8e3820cb7022d68b5b0fb8f9eba6ca7bf40d7205cccb538d99a9a9db5cb4,7d871ce69858ec6221d13874387c06424e96041644e6e81f6ced676eb2b0133a
seed_sensitivity,linear_svm,1729,2720,standard,36631,12211,True,0,8,0.850544590943,0.755975840508,0.647887323944,0.902200088142,decision_function,12205,0.801008050452,fb2d8e3820cb7022d68b5b0fb8f9eba6ca7bf40d7205cccb538d99a9a9db5cb4,7d871ce69858ec6221d13874387c06424e96041644e6e81f6ced676eb2b0133a
seed_sensitivity,linear_svm,1729,2721,standard,36631,12211,True,0,8,0.850544590943,0.755975840508,0.647887323944,0.902200088142,decision_function,12205,0.801008050452,fb2d8e3820cb7022d68b5b0fb8f9eba6ca7bf40d7205cccb538d99a9a9db5cb4,7d871ce69858ec6221d13874387c06424e96041644e6e81f6ced676eb2b0133a
seed_sensitivity,linear_svm,1729,2722,standard,36631,12211,True,0,8,0.850544590943,0.755975840508,0.647887323944,0.902200088142,decision_function,12205,0.801008050452,fb2d8e3820cb7022d68b5b0fb8f9eba6ca7bf40d7205cccb538d99a9a9db5cb4,7d871ce69858ec6221d13874387c06424e96041644e6e81f6ced676eb2b0133a
seed_sensitivity,linear_svm,1729,2723,standard,36631,12211,True,0,8,0.850544590943,0.755975840508,0.647887323944,0.902200088142,decision_function,12205,0.801008050452,fb2d8e3820cb7022d68b5b0fb8f9eba6ca7bf40d7205cccb538d99a9a9db5cb4,7d871ce69858ec6221d13874387c06424e96041644e6e81f6ced676eb2b0133a
seed_sensitivity,linear_svm,1729,2724,standard,36631,12211,True,0,8,0.850544590943,0.755975840508,0.647887323944,0.902200088142,decision_function,12205,0.801008050452,fb2d8e3820cb7022d68b5b0fb8f9eba6ca7bf40d7205cccb538d99a9a9db5cb4,7d871ce69858ec6221d13874387c06424e96041644e6e81f6ced676eb2b0133a
seed_sensitivity,linear_svm,1729,2725,standard,36631,12211,True,0,8,0.850544590943,0.755975840508,0.647887323944,0.902200088142,decision_function,12205,0.801008050452,fb2d8e3820cb7022d68b5b0fb8f9eba6ca7bf40d7205cccb538d99a9a9db5cb4,7d871ce69858ec6221d13874387c06424e96041644e6e81f6ced676eb2b0133a
seed_sensitivity,linear_svm,1729,2726,standard,36631,12211,True,0,8,0.850544590943,0.755975840508,0.647887323944,0.902200088142,decision_function,12205,0.801008050452,fb2d8e3820cb7022d68b5b0fb8f9eba6ca7bf40d7205cccb538d99a9a9db5cb4,7d871ce69858ec6221d13874387c06424e96041644e6e81f6ced676eb2b0133a
seed_sensitivity,linear_svm,1729,2727,standard,36631,12211,True,0,8,0.850544590943,0.755975840508,0.647887323944,0.902200088142,decision_function,12205,0.801008050452,fb2d8e3820cb7022d68b5b0fb8f9eba6ca7bf40d7205cccb538d99a9a9db5cb4,7d871ce69858ec6221d13874387c06424e96041644e6e81f6ced676eb2b0133a
seed_sensitivity,linear_svm,1729,2728,standard,36631,12211,True,0,8,0.850544590943,0.755975840508,0.647887323944,0.902200088142,decision_function,12205,0.801008050452,fb2d8e3820cb7022d68b5b0fb8f9eba6ca7bf40d7205cccb538d99a9a9db5cb4,7d871ce69858ec6221d13874387c06424e96041644e6e81f6ced676eb2b0133a
seed_sensitivity,linear_svm,1729,2729,standard,36631,12211,True,0,8,0.850544590943,0.755975840508,0.647887323944,0.902200088142,decision_function,12205,0.801008050452,fb2d8e3820cb7022d68b5b0fb8f9eba6ca7bf40d7205cccb538d99a9a9db5cb4,7d871ce69858ec6221d13874387c06424e96041644e6e81f6ced676eb2b0133a
seed_sensitivity,linear_svm,1729,2730,standard,36631,12211,True,0,8,0.850544590943,0.755975840508,0.647887323944,0.902200088142,decision_function,12205,0.801008050452,fb2d8e3820cb7022d68b5b0fb8f9eba6ca7bf40d7205cccb538d99a9a9db5cb4,7d871ce69858ec6221d13874387c06424e96041644e6e81f6ced676eb2b0133a
seed_sensitivity,linear_svm,1729,2731,standard,36631,12211,True,0,8,0.850544590943,0.755975840508,0.647887323944,0.902200088142,decision_function,12205,0.801008050452,fb2d8e3820cb7022d68b5b0fb8f9eba6ca7bf40d7205cccb538d99a9a9db5cb4,7d871ce69858ec6221d13874387c06424e96041644e6e81f6ced676eb2b0133a
seed_sensitivity,linear_svm,1729,2732,standard,36631,12211,True,0,8,0.850544590943,0.755975840508,0.647887323944,0.902200088142,decision_function,12205,0.801008050452,fb2d8e3820cb7022d68b5b0fb8f9eba6ca7bf40d7205cccb538d99a9a9db5cb4,7d871ce69858ec6221d13874387c06424e96041644e6e81f6ced676eb2b0133a
seed_sensitivity,linear_svm,1729,2733,standard,36631,12211,True,0,8,0.850544590943,0.755975840508,0.647887323944,0.902200088142,decision_function,12205,0.801008050452,fb2d8e3820cb7022d68b5b0fb8f9eba6ca7bf40d7205cccb538d99a9a9db5cb4,7d871ce69858ec6221d13874387c06424e96041644e6e81f6ced676eb2b0133a
seed_sensitivity,linear_svm,1729,2734,standard,36631,12211,True,0,8,0.850544590943,0.755975840508,0.647887323944,0.902200088142,decision_function,12205,0.801008050452,fb2d8e3820cb7022d68b5b0fb8f9eba6ca7bf40d7205cccb538d99a9a9db5cb4,7d871ce69858ec6221d13874387c06424e96041644e6e81f6ced676eb2b0133a
seed_sensitivity,linear_svm,1729,2735,standard,36631,12211,True,0,8,0.850544590943,0.755975840508,0.647887323944,0.902200088142,decision_function,12205,0.801008050452,fb2d8e3820cb7022d68b5b0fb8f9eba6ca7bf40d7205cccb538d99a9a9db5cb4,7d871ce69858ec6221d13874387c06424e96041644e6e81f6ced676eb2b0133a
seed_sensitivity,linear_svm,1729,2736,standard,36631,12211,True,0,8,0.850544590943,0.755975840508,0.647887323944,0.902200088142,decision_function,12205,0.801008050452,fb2d8e3820cb7022d68b5b0fb8f9eba6ca7bf40d7205cccb538d99a9a9db5cb4,7d871ce69858ec6221d13874387c06424e96041644e6e81f6ced676eb2b0133a
seed_sensitivity,linear_svm,1729,2737,standard,36631,12211,True,0,8,0.850544590943,0.755975840508,0.647887323944,0.902200088142,decision_function,12205,0.801008050452,fb2d8e3820cb7022d68b5b0fb8f9eba6ca7bf40d7205cccb538d99a9a9db5cb4,7d871ce69858ec6221d13874387c06424e96041644e6e81f6ced676eb2b0133a
seed_sensitivity,linear_svm,1729,2738,standard,36631,12211,True,0,8,0.850544590943,0.755975840508,0.647887323944,0.902200088142,decision_function,12205,0.801008050452,fb2d8e3820cb7022d68b5b0fb8f9eba6ca7bf40d7205cccb538d99a9a9db5cb4,7d871ce69858ec6221d13874387c06424e96041644e6e81f6ced676eb2b0133a
seed_sensitivity,linear_svm,1729,2739,standard,36631,12211,True,0,8,0.850544590943,0.755975840508,0.647887323944,0.902200088142,decision_function,12205,0.801008050452,fb2d8e3820cb7022d68b5b0fb8f9eba6ca7bf40d7205cccb538d99a9a9db5cb4,7d871ce69858ec6221d13874387c06424e96041644e6e81f6ced676eb2b0133a
seed_sensitivity,linear_svm,1729,2740,standard,36631,12211,True,0,8,0.850544590943,0.755975840508,0.647887323944,0.902200088142,decision_function,12205,0.801008050452,fb2d8e3820cb7022d68b5b0fb8f9eba6ca7bf40d7205cccb538d99a9a9db5cb4,7d871ce69858ec6221d13874387c06424e96041644e6e81f6ced676eb2b0133a
seed_sensitivity,linear_svm,1729,2741,standard,36631,12211,True,0,8,0.850544590943,0.755975840508,0.647887323944,0.902200088142,decision_function,12205,0.801008050452,fb2d8e3820cb7022d68b5b0fb8f9eba6ca7bf40d7205cccb538d99a9a9db5cb4,7d871ce69858ec6221d13874387c06424e96041644e6e81f6ced676eb2b0133a
seed_sensitivity,linear_svm,1729,2742,standard,36631,12211,True,0,8,0.850544590943,0.755975840508,0.647887323944,0.902200088142,decision_function,12205,0.801008050452,fb2d8e3820cb7022d68b5b0fb8f9eba6ca7bf40d7205cccb538d99a9a9db5cb4,7d871ce69858ec6221d13874387c06424e96041644e6e81f6ced676eb2b0133a
seed_sensitivity,linear_svm,1729,2743,standard,36631,12211,True,0,8,0.850544590943,0.755975840508,0.647887323944,0.902200088142,decision_function,12205,0.801008050452,fb2d8e3820cb7022d68b5b0fb8f9eba6ca7bf40d7205cccb538d99a9a9db5cb4,7d871ce69858ec6221d13874387c06424e96041644e6e81f6ced676eb2b0133a
seed_sensitivity,linear_svm,1729,2744,standard,36631,12211,True,0,8,0.850544590943,0.755975840508,0.647887323944,0.902200088142,decision_function,12205,0.801008050452,fb2d8e3820cb7022d68b5b0fb8f9eba6ca7bf40d7205cccb538d99a9a9db5cb4,7d871ce69858ec6221d13874387c06424e96041644e6e81f6ced676eb2b0133a
seed_sensitivity,linear_svm,1729,2745,standard,36631,12211,True,0,8,0.850544590943,0.755975840508,0.647887323944,0.902200088142,decision_function,12205,0.801008050452,fb2d8e3820cb7022d68b5b0fb8f9eba6ca7bf40d7205cccb538d99a9a9db5cb4,7d871ce69858ec6221d13874387c06424e96041644e6e81f6ced676eb2b0133a
seed_sensitivity,linear_svm,1729,2746,standard,36631,12211,True,0,8,0.850544590943,0.755975840508,0.647887323944,0.902200088142,decision_function,12205,0.801008050452,fb2d8e3820cb7022d68b5b0fb8f9eba6ca7bf40d7205cccb538d99a9a9db5cb4,7d871ce69858ec6221d13874387c06424e96041644e6e81f6ced676eb2b0133a
seed_sensitivity,linear_svm,1729,2747,standard,36631,12211,True,0,8,0.850544590943,0.755975840508,0.647887323944,0.902200088142,decision_function,12205,0.801008050452,fb2d8e3820cb7022d68b5b0fb8f9eba6ca7bf40d7205cccb538d99a9a9db5cb4,7d871ce69858ec6221d13874387c06424e96041644e6e81f6ced676eb2b0133a
seed_sensitivity,logistic,1729,2718,standard,36631,12211,True,0,6,0.850053230694,0.758702380602,0.650639190994,0.902102307757,decision_function,12205,2.47022458401,124ef72dcd747892f5f1238409fc40c660bd020c5c7bf01c0f665db9164c6f4d,de616df8fee1c66de397f5e6860f67e49cc926cecbc6e2a41c62ab7d54512acc
seed_sensitivity,logistic,1729,2719,standard,36631,12211,True,0,6,0.850053230694,0.758702380602,0.650639190994,0.902102307757,decision_function,12205,2.47022458401,124ef72dcd747892f5f1238409fc40c660bd020c5c7bf01c0f665db9164c6f4d,de616df8fee1c66de397f5e6860f67e49cc926cecbc6e2a41c62ab7d54512acc
seed_sensitivity,logistic,1729,2720,standard,36631,12211,True,0,6,0.850053230694,0.758702380602,0.650639190994,0.902102307757,decision_function,12205,2.47022458401,124ef72dcd747892f5f1238409fc40c660bd020c5c7bf01c0f665db9164c6f4d,de616df8fee1c66de397f5e6860f67e49cc926cecbc6e2a41c62ab7d54512acc
seed_sensitivity,logistic,1729,2721,standard,36631,12211,True,0,6,0.850053230694,0.758702380602,0.650639190994,0.902102307757,decision_function,12205,2.47022458401,124ef72dcd747892f5f1238409fc40c660bd020c5c7bf01c0f665db9164c6f4d,de616df8fee1c66de397f5e6860f67e49cc926cecbc6e2a41c62ab7d54512acc
seed_sensitivity,logistic,1729,2722,standard,36631,12211,True,0,6,0.850053230694,0.758702380602,0.650639190994,0.902102307757,decision_function,12205,2.47022458401,124ef72dcd747892f5f1238409fc40c660bd020c5c7bf01c0f665db9164c6f4d,de616df8fee1c66de397f5e6860f67e49cc926cecbc6e2a41c62ab7d54512acc
seed_sensitivity,logistic,1729,2723,standard,36631,12211,True,0,6,0.850053230694,0.758702380602,0.650639190994,0.902102307757,decision_function,12205,2.47022458401,124ef72dcd747892f5f1238409fc40c660bd020c5c7bf01c0f665db9164c6f4d,de616df8fee1c66de397f5e6860f67e49cc926cecbc6e2a41c62ab7d54512acc
seed_sensitivity,logistic,1729,2724,standard,36631,12211,True,0,6,0.850053230694,0.758702380602,0.650639190994,0.902102307757,decision_function,12205,2.47022458401,124ef72dcd747892f5f1238409fc40c660bd020c5c7bf01c0f665db9164c6f4d,de616df8fee1c66de397f5e6860f67e49cc926cecbc6e2a41c62ab7d54512acc
seed_sensitivity,logistic,1729,2725,standard,36631,12211,True,0,6,0.850053230694,0.758702380602,0.650639190994,0.902102307757,decision_function,12205,2.47022458401,124ef72dcd747892f5f1238409fc40c660bd020c5c7bf01c0f665db9164c6f4d,de616df8fee1c66de397f5e6860f67e49cc926cecbc6e2a41c62ab7d54512acc
seed_sensitivity,logistic,1729,2726,standard,36631,12211,True,0,6,0.850053230694,0.758702380602,0.650639190994,0.902102307757,decision_function,12205,2.47022458401,124ef72dcd747892f5f1238409fc40c660bd020c5c7bf01c0f665db9164c6f4d,de616df8fee1c66de397f5e6860f67e49cc926cecbc6e2a41c62ab7d54512acc
seed_sensitivity,logistic,1729,2727,standard,36631,12211,True,0,6,0.850053230694,0.758702380602,0.650639190994,0.902102307757,decision_function,12205,2.47022458401,124ef72dcd747892f5f1238409fc40c660bd020c5c7bf01c0f665db9164c6f4d,de616df8fee1c66de397f5e6860f67e49cc926cecbc6e2a41c62ab7d54512acc
seed_sensitivity,logistic,1729,2728,standard,36631,12211,True,0,6,0.850053230694,0.758702380602,0.650639190994,0.902102307757,decision_function,12205,2.47022458401,124ef72dcd747892f5f1238409fc40c660bd020c5c7bf01c0f665db9164c6f4d,de616df8fee1c66de397f5e6860f67e49cc926cecbc6e2a41c62ab7d54512acc
seed_sensitivity,logistic,1729,2729,standard,36631,12211,True,0,6,0.850053230694,0.758702380602,0.650639190994,0.902102307757,decision_function,12205,2.47022458401,124ef72dcd747892f5f1238409fc40c660bd020c5c7bf01c0f665db9164c6f4d,de616df8fee1c66de397f5e6860f67e49cc926cecbc6e2a41c62ab7d54512acc
seed_sensitivity,logistic,1729,2730,standard,36631,12211,True,0,6,0.850053230694,0.758702380602,0.650639190994,0.902102307757,decision_function,12205,2.47022458401,124ef72dcd747892f5f1238409fc40c660bd020c5c7bf01c0f665db9164c6f4d,de616df8fee1c66de397f5e6860f67e49cc926cecbc6e2a41c62ab7d54512acc
seed_sensitivity,logistic,1729,2731,standard,36631,12211,True,0,6,0.850053230694,0.758702380602,0.650639190994,0.902102307757,decision_function,12205,2.47022458401,124ef72dcd747892f5f1238409fc40c660bd020c5c7bf01c0f665db9164c6f4d,de616df8fee1c66de397f5e6860f67e49cc926cecbc6e2a41c62ab7d54512acc
seed_sensitivity,logistic,1729,2732,standard,36631,12211,True,0,6,0.850053230694,0.758702380602,0.650639190994,0.902102307757,decision_function,12205,2.47022458401,124ef72dcd747892f5f1238409fc40c660bd020c5c7bf01c0f665db9164c6f4d,de616df8fee1c66de397f5e6860f67e49cc926cecbc6e2a41c62ab7d54512acc
seed_sensitivity,logistic,1729,2733,standard,36631,12211,True,0,6,0.850053230694,0.758702380602,0.650639190994,0.902102307757,decision_function,12205,2.47022458401,124ef72dcd747892f5f1238409fc40c660bd020c5c7bf01c0f665db9164c6f4d,de616df8fee1c66de397f5e6860f67e49cc926cecbc6e2a41c62ab7d54512acc
seed_sensitivity,logistic,1729,2734,standard,36631,12211,True,0,6,0.850053230694,0.758702380602,0.650639190994,0.902102307757,decision_function,12205,2.47022458401,124ef72dcd747892f5f1238409fc40c660bd020c5c7bf01c0f665db9164c6f4d,de616df8fee1c66de397f5e6860f67e49cc926cecbc6e2a41c62ab7d54512acc
seed_sensitivity,logistic,1729,2735,standard,36631,12211,True,0,6,0.850053230694,0.758702380602,0.650639190994,0.902102307757,decision_function,12205,2.47022458401,124ef72dcd747892f5f1238409fc40c660bd020c5c7bf01c0f665db9164c6f4d,de616df8fee1c66de397f5e6860f67e49cc926cecbc6e2a41c62ab7d54512acc
seed_sensitivity,logistic,1729,2736,standard,36631,12211,True,0,6,0.850053230694,0.758702380602,0.650639190994,0.902102307757,decision_function,12205,2.47022458401,124ef72dcd747892f5f1238409fc40c660bd020c5c7bf01c0f665db9164c6f4d,de616df8fee1c66de397f5e6860f67e49cc926cecbc6e2a41c62ab7d54512acc
seed_sensitivity,logistic,1729,2737,standard,36631,12211,True,0,6,0.850053230694,0.758702380602,0.650639190994,0.902102307757,decision_function,12205,2.47022458401,124ef72dcd747892f5f1238409fc40c660bd020c5c7bf01c0f665db9164c6f4d,de616df8fee1c66de397f5e6860f67e49cc926cecbc6e2a41c62ab7d54512acc
seed_sensitivity,logistic,1729,2738,standard,36631,12211,True,0,6,0.850053230694,0.758702380602,0.650639190994,0.902102307757,decision_function,12205,2.47022458401,124ef72dcd747892f5f1238409fc40c660bd020c5c7bf01c0f665db9164c6f4d,de616df8fee1c66de397f5e6860f67e49cc926cecbc6e2a41c62ab7d54512acc
seed_sensitivity,logistic,1729,2739,standard,36631,12211,True,0,6,0.850053230694,0.758702380602,0.650639190994,0.902102307757,decision_function,12205,2.47022458401,124ef72dcd747892f5f1238409fc40c660bd020c5c7bf01c0f665db9164c6f4d,de616df8fee1c66de397f5e6860f67e49cc926cecbc6e2a41c62ab7d54512acc
seed_sensitivity,logistic,1729,2740,standard,36631,12211,True,0,6,0.850053230694,0.758702380602,0.650639190994,0.902102307757,decision_function,12205,2.47022458401,124ef72dcd747892f5f1238409fc40c660bd020c5c7bf01c0f665db9164c6f4d,de616df8fee1c66de397f5e6860f67e49cc926cecbc6e2a41c62ab7d54512acc
seed_sensitivity,logistic,1729,2741,standard,36631,12211,True,0,6,0.850053230694,0.758702380602,0.650639190994,0.902102307757,decision_function,12205,2.47022458401,124ef72dcd747892f5f1238409fc40c660bd020c5c7bf01c0f665db9164c6f4d,de616df8fee1c66de397f5e6860f67e49cc926cecbc6e2a41c62ab7d54512acc
seed_sensitivity,logistic,1729,2742,standard,36631,12211,True,0,6,0.850053230694,0.758702380602,0.650639190994,0.902102307757,decision_function,12205,2.47022458401,124ef72dcd747892f5f1238409fc40c660bd020c5c7bf01c0f665db9164c6f4d,de616df8fee1c66de397f5e6860f67e49cc926cecbc6e2a41c62ab7d54512acc
seed_sensitivity,logistic,1729,2743,standard,36631,12211,True,0,6,0.850053230694,0.758702380602,0.650639190994,0.902102307757,decision_function,12205,2.47022458401,124ef72dcd747892f5f1238409fc40c660bd020c5c7bf01c0f665db9164c6f4d,de616df8fee1c66de397f5e6860f67e49cc926cecbc6e2a41c62ab7d54512acc
seed_sensitivity,logistic,1729,2744,standard,36631,12211,True,0,6,0.850053230694,0.758702380602,0.650639190994,0.902102307757,decision_function,12205,2.47022458401,124ef72dcd747892f5f1238409fc40c660bd020c5c7bf01c0f665db9164c6f4d,de616df8fee1c66de397f5e6860f67e49cc926cecbc6e2a41c62ab7d54512acc
seed_sensitivity,logistic,1729,2745,standard,36631,12211,True,0,6,0.850053230694,0.758702380602,0.650639190994,0.902102307757,decision_function,12205,2.47022458401,124ef72dcd747892f5f1238409fc40c660bd020c5c7bf01c0f665db9164c6f4d,de616df8fee1c66de397f5e6860f67e49cc926cecbc6e2a41c62ab7d54512acc
seed_sensitivity,logistic,1729,2746,standard,36631,12211,True,0,6,0.850053230694,0.758702380602,0.650639190994,0.902102307757,decision_function,12205,2.47022458401,124ef72dcd747892f5f1238409fc40c660bd020c5c7bf01c0f665db9164c6f4d,de616df8fee1c66de397f5e6860f67e49cc926cecbc6e2a41c62ab7d54512acc
seed_sensitivity,logistic,1729,2747,standard,36631,12211,True,0,6,0.850053230694,0.758702380602,0.650639190994,0.902102307757,decision_function,12205,2.47022458401,124ef72dcd747892f5f1238409fc40c660bd020c5c7bf01c0f665db9164c6f4d,de616df8fee1c66de397f5e6860f67e49cc926cecbc6e2a41c62ab7d54512acc
seed_sensitivity,random_forest,1729,2718,standard,36631,12211,True,0,-1,0.865039718287,0.777935826593,0.684170180146,0.916559988782,predict_proba,11934,0.115944939842,41978e3a22f4932593a384708d7435f36329fad329007230cd2a44e4ebc11bb5,0e50451d8f349c309451a55a9a3a487517b6d644df102d40ed13fe53d76a2c59
seed_sensitivity,random_forest,1729,2719,standard,36631,12211,True,0,-1,0.863319957415,0.77528070597,0.679838864378,0.916422602551,predict_proba,11914,0.116024774232,b77ec6c540baf268aa2ad95db0c3e813113579cab67c7d80dc6714994c20e42f,0c52a2cd5e9889bbfa8abb8ca06dd698c7eceedf764d99a64f9a798220b0fac1
seed_sensitivity,random_forest,1729,2720,standard,36631,12211,True,0,-1,0.864138891164,0.776405419878,0.681757145598,0.91630678769,predict_proba,11904,0.117337038616,1af544f8490148aa2bf26acd1529c8b1e0ce4b604548fc32e1825054b8bf7491,62db7b100c86cb6c1b8d9144f86606ae59b5422659cb2990940011617b82e2e1
seed_sensitivity,random_forest,1729,2721,standard,36631,12211,True,0,-1,0.864875931537,0.777945460945,0.684029107622,0.916135856229,predict_proba,11913,0.116073742001,6566fed88d97133651411d2276523e87cd8b2042906804634b3813f14432988c,29516a80d22895979fc4dd2be7445f9647e7894f09b8de0bd5bb783b7be9b7fa
seed_sensitivity,random_forest,1729,2722,standard,36631,12211,True,0,-1,0.864138891164,0.776405419878,0.681757145598,0.916228165482,predict_proba,11962,0.117681167082,d4dcf27c9d7593010287eeae40b181eb9534e1e130b8241f01a37174e6d4d0a3,5c445f84aff1ecb85fb700bd2acce8e328f32023f77720d52c432022f90405dd
seed_sensitivity,random_forest,1729,2723,standard,36631,12211,True,0,-1,0.864712144787,0.777603229597,0.683524904215,0.916498461562,predict_proba,11934,0.115153096376,f7bdfaf6b1a4cf9c8444645f403776fef880b1427cc5627b0c5ab2211e33524b,7108d5feb392d66fba053936815a553a0ac313c2434a4b92deb663ed182104bd
seed_sensitivity,random_forest,1729,2724,standard,36631,12211,True,0,-1,0.864466464663,0.776034285473,0.681669551837,0.91643844489,predict_proba,11955,0.115613312228,666acc557bef7e8c1825fa750cf1ee5412a72b763b59d97a7acc8e8c7e7b6765,e0d9ba3129ad2dc0158eb770ceabe9d48f88f1f8f57bca0a249938a90b136483
seed_sensitivity,random_forest,1729,2725,standard,36631,12211,True,0,-1,0.864712144787,0.777720518164,0.683646112601,0.916399944323,predict_proba,11921,0.115717202751,dbb5c58ba0611d6e27825f61fd15cef3962ec56187d7dd70e03e5eb8c5667d62,cda22c8e61308e59836f6e8b12929eaaf30bb4d268edc4a589a75ae6d68ea2ae
seed_sensitivity,random_forest,1729,2726,standard,36631,12211,True,0,-1,0.86594054541,0.77829334764,0.685373822795,0.916677185242,predict_proba,11954,0.116872152579,b056ec701a8c10ea8c3e74c6c78053244e6e5dac6abce400d7d86d1dfa22423c,aa7d219f16e96617087a024ee4a936d91330367a32437caae49d5a9eb25b10dd
seed_sensitivity,random_forest,1729,2727,standard,36631,12211,True,0,-1,0.865039718287,0.77805311516,0.684291187739,0.916237947204,predict_proba,11945,0.116728239218,197ec24ab7f5d092aa87a7486e94170baaa786b891d32ccffb9b321338ad290f,7d0f854db9dc2b93ade71a7182ae66d9e82f1c4fc1e86695bbc594c15af1dc80
seed_sensitivity,random_forest,1729,2728,standard,36631,12211,True,0,-1,0.865039718287,0.777349383759,0.68356374808,0.916712259442,predict_proba,11886,0.116254265972,bbf2fcabc1ffb2310442f3a1b8baf6742c1cb244f35d87fc8610aece7fb39323,5db2ad1c5ce8a86ac98cb8c6e50b63c42c0d3e1317a05887b3060d8bb5488c96
seed_sensitivity,random_forest,1729,2729,standard,36631,12211,True,0,-1,0.863647530915,0.774557705864,0.679376083189,0.916413152412,predict_proba,11925,0.116563100973,19b64335fbedc6af6666016d0e8284278f5a5d0329b24280c58848ecf5832b23,6822ba73a9a7fb5c017461606d944ed4fec2f0f373ee11b93e2abdeee224183c
seed_sensitivity,random_forest,1729,2730,standard,36631,12211,True,0,-1,0.864466464663,0.776738016874,0.682402609864,0.916181301635,predict_proba,11927,0.115364480684,39634d4d85d727b887500e59f85c1b6514c56257d31fc2c0fbff80cbb3339b14,ebfea6011a9fdfe02f926a9a9c6d67de6eef546f8765bd6d2598360f796795b1
seed_sensitivity,random_forest,1729,2731,standard,36631,12211,True,0,-1,0.864630251413,0.777314825356,0.683151236343,0.916286358443,predict_proba,11905,0.117229378333,1c5b5237274ad4c7791fcc33a7c21c7d37830097e78b52a33e66c0e6304623fb,f4ef0ec8720110bb796bb3c7820dc983d737ed320f3621bdd4b683449159bff9
seed_sensitivity,random_forest,1729,2732,standard,36631,12211,True,0,-1,0.863647530915,0.774440417298,0.679252552495,0.916515611814,predict_proba,11918,0.116439717802,1150c97556eb9e192a99d8b66c81d8ce7733bdfc54ac89ffb698fdf263c5cd36,7084ccf71bae055ad49df0ba4b488ad8f783f5386e4301656c3bbf5c026c5d06
seed_sensitivity,random_forest,1729,2733,standard,36631,12211,True,0,-1,0.863811317664,0.776776554283,0.681844270136,0.916451321395,predict_proba,11955,0.115772439863,e20d7f36a83e181a6f9e0fea345aa14b692403f8e0f14410542d59d1ed62c85e,43a9a92f7f558cb15488e7f310c2e697715fe3a1d4544a2088b8a310b60f6ea1
seed_sensitivity,random_forest,1729,2734,standard,36631,12211,True,0,-1,0.864056997789,0.776820747038,0.682114132516,0.916560228259,predict_proba,11908,0.11642938859,1f577fd3a23b7d4c72d019b900a92bc9226cf9db7b25ee4e1a124931ce991650,680ae5b01cd95a3047cd23cc7b3a64ef2d07e01b7771105b2daa8b0cb12d0890
seed_sensitivity,random_forest,1729,2735,standard,36631,12211,True,0,-1,0.864548358038,0.776674555414,0.682411674347,0.916465929504,predict_proba,11948,0.116129658014,4a9919ced9528939834c613a484fd31ee28eebe56eeeb04325ac1483e7d91b8a,efbcce7d3edc41269960f8472ed49dd6c2234991848d64385bc75b5bf5af6196
seed_sensitivity,random_forest,1729,2736,standard,36631,12211,True,0,-1,0.863893211039,0.776243938556,0.681365030675,0.916290742718,predict_proba,11924,0.114832883351,09bb634ac582f34777415a4b72ca17f9af61c3ee755e05b71415e2328c82ef12,02fc71e02fad0835dc776357ed514bf850d19cb0518f4bcaf7510857052eceda
seed_sensitivity,random_forest,1729,2737,standard,36631,12211,True,0,-1,0.863483744165,0.775271071618,0.679976962949,0.916431739528,predict_proba,11924,0.116835675194,cd6e093f7af9c4eec145ab14b2bd7d3fef7085153c6553dbdd2181edba95c046,2d921eda78053c17e30eca24a84b298559ef7672fa5e12b6d0ad791dd0490a9b
seed_sensitivity,random_forest,1729,2738,standard,36631,12211,True,0,-1,0.864384571288,0.776097746932,0.681660899654,0.916313622001,predict_proba,11936,0.115908161169,2a14f117c779a27fb0caf6b8e174301309a56c6bd9659f2f880c0bb65e8c025a,f455217868c10ef9de43da15b6fe4aec2666a53edb9e641471a5e0845c09cc7d
seed_sensitivity,random_forest,1729,2739,standard,36631,12211,True,0,-1,0.865367291786,0.778151135022,0.684695051784,0.915766269216,predict_proba,11907,0.116281323988,3cd67c7777a13a0711e5f5c7aaae75d7a77864c75e4c8945004f11a502c779ae,f1dbbd30c5b9222e571275b7b359308359e15b28194ab89fa0ac2530b3f7f0bf
seed_sensitivity,random_forest,1729,2740,standard,36631,12211,True,0,-1,0.864875931537,0.77700715241,0.683058009988,0.91643984491,predict_proba,11919,0.11507622556,8f9e688abf0a3f06f25eee27ff37791860857344e75a12479f220a53ea2c2953,190be2025724f40d4b6223bd7ac95b1ebbd5ed43baef0adc3dffc6d38e247476
seed_sensitivity,random_forest,1729,2741,standard,36631,12211,True,0,-1,0.864138891164,0.776288131311,0.681635002879,0.91645014243,predict_proba,11903,0.116857131895,cd0eccf242466eebfa2480781e142df0083189c9603d515f2db223cae6bef394,4a52e639cc44b4bcd2daf31f7d3371b0bf777b0239968abd8f576c8a82731f6d
seed_sensitivity,random_forest,1729,2742,standard,36631,12211,True,0,-1,0.865285398411,0.776572556546,0.682983233764,0.916211365234,predict_proba,11931,0.115813983641,55fd594444e511cd526851559284fda6c5915d38438d7130d54a2038c8817a5c,d1a6ae982fd912f370fa42a77ba59a1f25b2c2c3737c0ca264d16db6c2cb3f19
seed_sensitivity,random_forest,1729,2743,standard,36631,12211,True,0,-1,0.863811317664,0.776190111448,0.681234425915,0.916439108057,predict_proba,11943,0.11677694022,7b64d2036861694a36ff651ea7f1d1c1eec5a60f9b41290c28ab0c8786e40486,c16a877405a86acf84a62b8a708d9a7676adbe75a9bb279debba82d300d14d6d
seed_sensitivity,random_forest,1729,2744,standard,36631,12211,True,0,-1,0.864957824912,0.776826402384,0.682945587387,0.916503969537,predict_proba,11896,0.115977291771,d49fab03b6e8a7919bfe3db33d8cf4db6157855bf75b3dbd52c31535221cf733,414534640771dae4750a5941fec7fe62fb15b1dd1a7dd2d8b26b24696c1239f3
seed_sensitivity,random_forest,1729,2745,standard,36631,12211,True,0,-1,0.864220784539,0.777162978386,0.682618683002,0.916164040854,predict_proba,11929,0.11693152653,f59ad178a2e436a5c1377fcb8a93ad72979c983900d3057491e18f02b47d0757,817dc5ceb5dfe38d647d41fcea19785c31a6178a8335959e4a2deb658d8888a3
seed_sensitivity,random_forest,1729,2746,standard,36631,12211,True,0,-1,0.864548358038,0.777143709682,0.682898773006,0.916452076669,predict_proba,11924,0.117818842936,32629836d15c818e4a4e400d9981468103049a43d5cb5abfe271f6a25087c748,0cb8bb1f2603d60e6ecb4e4c9ad5c316b9c5150064bfa5ed36bd0215ae6e38d5
seed_sensitivity,random_forest,1729,2747,standard,36631,12211,True,0,-1,0.864548358038,0.776791843981,0.682533589251,0.916432347431,predict_proba,11908,0.117033560533,9d0acdbeb00b19ca9083451e0b022638d12d3fc3925290b5887333b20b8788d7,90450670624da729a10669a363feb254403c3acb75be77bcc9c581b20846163d
seed_sensitivity,sgd_logistic,1729,2718,standard,36631,12211,True,0,50,0.847514536074,0.744835729321,0.632306477093,0.901928889417,decision_function,12205,2.52160309918,e8a859375d3deb601f1c4b3a5ff204b15c90de55095fc04318f6ea07586218ed,a344d0302a844f9e7dde0808b9e9f67d9d14eaeb6a47dfa5832ef509d9a76894
seed_sensitivity,sgd_logistic,1729,2719,standard,36631,12211,True,0,43,0.848169683073,0.752538237325,0.642084942085,0.901335538587,decision_function,12205,2.46098448248,d08062b00639a6759ff4d3481ffb3d39bf1a1cc7b1b08e1b7c0341d9fc294f94,1e1f80557a041456271c1ebcfe3df9c2f54b53bb082047d666a05e9786ba74f5
seed_sensitivity,sgd_logistic,1729,2720,standard,36631,12211,True,0,41,0.847678322824,0.747289154873,0.635437083497,0.901090977096,decision_function,12205,2.52811116733,5bde2285eef5c931a776735ed1435f94db334c0cd2205133ca7dc80e94803cf8,56b94ba40276b6272229c15e2bc6e3fb994d4838b3811f9af91f3b7116004b8e
seed_sensitivity,sgd_logistic,1729,2721,standard,36631,12211,True,0,52,0.848742936696,0.763001843827,0.654443405051,0.901845846091,decision_function,12205,2.44288990495,9c3958c3eba794e30c08ab12f2f55629ef12d66fcf1375b2fd5fc8a968cdba08,b73db62f977a075beed5ebd9ec1331be984a24c93d8291cb27ff65deaddae5a8
seed_sensitivity,sgd_logistic,1729,2722,standard,36631,12211,True,0,48,0.848251576447,0.764086343986,0.655255813953,0.901942963309,decision_function,12205,2.34585912024,5efea6c5fb4a36056c1ccfe128eebc4ba16f2d9bad841bab9730bc4968487204,86c60b4839b649c563db3d9eec8aee78d22f7b2709fc337c7a50920efa9186df
seed_sensitivity,sgd_logistic,1729,2723,standard,36631,12211,True,0,41,0.847186962575,0.779806990951,0.670783345095,0.901679980494,decision_function,12205,2.33001509941,87b55493f0c60d846a154569dbcc05fc99db7350b3c73a13c8388e895f78eca1,5c03bf31cef7347c642284e6bc2cfe7c580d4c46ffd5c872e7e0dbcaf7585e9c
seed_sensitivity,sgd_logistic,1729,2724,standard,36631,12211,True,0,49,0.848415363197,0.764663152468,0.6560118937,0.901539978435,decision_function,12205,2.41068275191,00ba5e90f6d645ec9653dc251fdcdc497b22d7bb1a4178d3099e9bf8699b75c4,0f2b5dcaba5881171a28dedc5b505f275b52b85d6b0a658502ad87e8796b7017
seed_sensitivity,sgd_logistic,1729,2725,standard,36631,12211,True,0,37,0.845876668578,0.775544388795,0.665481692144,0.901227405418,decision_function,12205,2.34351548284,851d9062faecf840c4f9388220d274371ebc17a19e9fe241453e8612621f3133,022787296a7a2ddbd2efabdc3a53eb1f12535162856ad8361567da78e965f0cf
seed_sensitivity,sgd_logistic,1729,2726,standard,36631,12211,True,0,40,0.848415363197,0.755162778552,0.64533435524,0.901411029171,decision_function,12205,2.42410855648,157c7fc31587a025dee14571c2628e304b459eb42e38956dd69ae8a88bd5ce3d,cf542418e7a1beea8c25bc78fda7f99804275ff3ea2d474cc74c9c3e1dc8ee13
seed_sensitivity,sgd_logistic,1729,2727,standard,36631,12211,True,0,34,0.847023175825,0.743339881009,0.630099009901,0.901396844751,decision_function,12205,2.56722953358,d1c31256921521c5f4e280163799f021ed370e0fd0673be9631d329042d665b9,44bcdd1ff3966dcc532bce4af24f6537b959ed1e10844fda6ccf5365b4c085ae
seed_sensitivity,sgd_logistic,1729,2728,standard,36631,12211,True,0,42,0.847678322824,0.749048483376,0.637568199532,0.900669313,decision_function,12205,2.53571827097,8c0506549c9eff4ca8bceb648fce6d959726e4d999e14071f89dd4f388ee6836,5ea1be5eb0d49b026df3a7cfe87f901206b68d3ef5766be2cc9eae2c7129861f
seed_sensitivity,sgd_logistic,1729,2729,standard,36631,12211,True,0,40,0.847596429449,0.739728859486,0.625929648241,0.901477493306,decision_function,12205,2.58982904536,8db2b7bd262a494f09d13db1043f0cbb229f163efedef45ce3aeb3cae7afa394,1f3f4f7f69ec02f44852d2bc1ff7851d9517d2fca76bea8847c1ecb489da11cf
seed_sensitivity,sgd_logistic,1729,2730,standard,36631,12211,True,0,44,0.848988616821,0.754014816934,0.644427304281,0.900962690999,decision_function,12205,2.57144347132,68395d5d960b647cc38c0b3676de3f3a9d2db4d6953eae2ae778b23197b11fe2,95c111306ddd0674d52d8a09db49b3fd0934546b2851d1d0787ee50ab5728e9f
seed_sensitivity,sgd_logistic,1729,2731,standard,36631,12211,True,0,55,0.848169683073,0.746791097549,0.635182998819,0.901670843518,decision_function,12205,2.51941361891,80df9c2ff0a0a5d4ff62374708b64bc103251361eeb1260cc97e58aaab11512e,f6357c6635ca360fd569e13e49e68242ceba580a95711e729b13b71357b30a2d
seed_sensitivity,sgd_logistic,1729,2732,standard,36631,12211,True,0,40,0.846531815576,0.783364185366,0.673746518106,0.901838477562,decision_function,12205,2.29396486344,c5dd64295cef4156300f20251d6834e654452f1ca75c1d15ee94496b1c6411f4,bb3aee4a9a49155ac6e8bf9d670146bb8b2fb9907ba57e5ca0d24355420d9d44
seed_sensitivity,sgd_logistic,1729,2733,standard,36631,12211,True,0,43,0.849070510196,0.757821878181,0.648885502,0.901940531694,decision_function,12205,2.39014209953,86521f0bc0820f94ebe72d56f0adfb8d2491fc31f52bd9779c3e3b5de8e68e20,69e883c6ddae1156b76f9324ad871af3e304af883398a9f10c1e742d2d7ab835
seed_sensitivity,sgd_logistic,1729,2734,standard,36631,12211,True,0,39,0.846695602326,0.742420841178,0.628718762396,0.900953701393,decision_function,12205,2.52054173924,bc9d0b30355b313dc43b2c246a41b41bf80b5d96845335ee5a69750cc29f7e37,f9a45c1cd52c590c645d9dba5a164e5a8ec071493d775f0e7ecf92c672a86d66
seed_sensitivity,sgd_logistic,1729,2735,standard,36631,12211,True,0,29,0.847760216199,0.743707036408,0.631077594761,0.901183267927,decision_function,12205,2.48298364392,de3ad19f5a9f82048ded226ada698d7fa1be94b83bc32c07102705d7aae078aa,ba50376285ba3e87d54597db73f474fe8c5dcb51c3d84e685d26ae491d6e79d5
seed_sensitivity,sgd_logistic,1729,2736,standard,36631,12211,True,0,50,0.84726885595,0.765434324334,0.655967533665,0.901791061075,decision_function,12205,2.38798299975,34a4985f9cdcf75d488d04227b96069c57c9d524292d05c8aeee638260ba9f3b,b16e21e8a98ae1157818b0907ca07a0b979c41cf310fca243d00c96368d74798
seed_sensitivity,sgd_logistic,1729,2737,standard,36631,12211,True,0,42,0.847432642699,0.74419545938,0.631454005935,0.901702970306,decision_function,12205,2.47377566644,4cf37297fe44af89d1347191196fd3fc00b7fa151df2cac7c117ddce5d9c8b5d,f00ac72cd64c39d92eb82a02a7f54b30fe6f05c387c00983ac8a2158150dabf0
seed_sensitivity,sgd_logistic,1729,2738,standard,36631,12211,True,0,34,0.848005896323,0.763807574097,0.654761904762,0.902115497425,decision_function,12205,2.36384149464,5beb053a5938fe60ed453dee5e2a3d5b6b688ea050399a965497afe848b273e2,0c888bc0865e479cd2c978c9818cd01af1c28e71aa2edab1c35226f0be0441a8
seed_sensitivity,sgd_logistic,1729,2739,standard,36631,12211,True,0,42,0.847514536074,0.763367322886,0.653903345725,0.901870272766,decision_function,12205,2.39159544348,6454045bb750286354b5386b0afb42650cd504e5a64dfc18af3f5705b819afe9,422e34386e6a170314af4a48ae985c4a26c37a39a5c5a7bcacfac54b6de2ad9d
seed_sensitivity,sgd_logistic,1729,2740,standard,36631,12211,True,0,44,0.849070510196,0.766501232129,0.658513989253,0.900602148855,decision_function,12205,2.4510760992,dc1e9d4c87535a78e6ff0231880a7b748b62ab8ed0f34bfc7bdf95b2b1dbe4eb,f3caec65213b8f4a38bd4f356782a830c6cb0f828c8251e7f69b1e885666ce94
seed_sensitivity,sgd_logistic,1729,2741,standard,36631,12211,True,0,40,0.848661043322,0.762126996752,0.653413353338,0.901388002516,decision_function,12205,2.43359172572,cb502f1c1891c76867ee1911d25111c035dd499e470131c8bc5be8966cbdcb18,660334b2c72bc3dc56086c043e46c1c2e40bd8c30106b279736826d02b296089
seed_sensitivity,sgd_logistic,1729,2742,standard,36631,12211,True,0,40,0.849561870445,0.758613995092,0.650161873929,0.901477456463,decision_function,12205,2.6157485647,ce0b51485778b1bbf70adb25f8b4f08c7c34a55854f9d753b9038a339f266566,efd4930c951de3361479620038bea723fc953cb1954653539eef245a8ceb4a02
seed_sensitivity,sgd_logistic,1729,2743,standard,36631,12211,True,0,48,0.84726885595,0.776694026753,0.667735613754,0.901457008794,decision_function,12205,2.32486945837,3c6eb822f6f1aa2e944fb54df5220d172768eb9779697015ac620d3d7fdaf302,1f31c10dca6ae6477bd7bb82f5b0f29dedcaff036026ee185db4d7ca9783d293
seed_sensitivity,sgd_logistic,1729,2744,standard,36631,12211,True,0,50,0.848661043322,0.762361573885,0.653673163418,0.90139655001,decision_function,12205,2.47003507442,ae73538c0017aba9d7d88d8372ae703496f5e269e320f3152d78eca3b5913410,03129bcde2d37a5f06d129a2cc7fa4f1c7b19159401562e5875d88aa3dfd9c9a
seed_sensitivity,sgd_logistic,1729,2745,standard,36631,12211,True,0,32,0.846531815576,0.740319281327,0.625948103792,0.901803771788,decision_function,12205,2.6042552004,bd9f6f686a88d32bfaf78c7ee7936042b989dc9b0d35c88626e3afdd902c9ae1,52b75b4af7c17dd3dd5761d7dc981d7c363bed66249cc39c7bd7bb23a14200db
seed_sensitivity,sgd_logistic,1729,2746,standard,36631,12211,True,0,34,0.847924002948,0.744987576291,0.632786236899,0.902362527373,decision_function,12205,2.41768829444,beb348b1fd4985eeac027a06f6a251bd63fb64a664470e26bee7dc7d9d114f60,1fe5968e92af4fd2abe4722f44d0bba4aecdb6d7366dab440098eae362f438b7
seed_sensitivity,sgd_logistic,1729,2747,standard,36631,12211,True,0,46,0.847924002948,0.752024890303,0.641298049063,0.901242142477,decision_function,12205,2.4130612023,8889ef46dc3649f8638e578c9266dee58827a75d45e193662250887b24ee0915,3325195d67a291cc932d267c6b3d9f51da01f55f3a6712557e17ecf3a06a3f13
